<?xml version="1.0" encoding="UTF-8"?>
<project-private xmlns="http://www.netbeans.org/ns/project-private/1">
    <editor-bookmarks xmlns="http://www.netbeans.org/ns/editor-bookmarks/2" lastBookmarkId="0"/>
    <open-files xmlns="http://www.netbeans.org/ns/projectui-open-files/2">
        <group>
            <file>file:/D:/wamp64/www/sportsweb/cart_xml.php</file>
            <file>file:/D:/wamp64/www/sportsweb/featured.php</file>
            <file>file:/D:/wamp64/www/sportsweb/rating.php</file>
            <file>file:/D:/wamp64/www/sportsweb/IINDEX.php</file>
            <file>file:/D:/wamp64/www/sportsweb/description1.php</file>
            <file>file:/D:/wamp64/www/sportsweb/header.php</file>
            <file>file:/D:/wamp64/www/sportsweb/login.php</file>
            <file>file:/D:/wamp64/www/sportsweb/mystyle.css</file>
        </group>
    </open-files>
</project-private>
