<?xml version="1.0"?>
<order>
  <item>
    <pro_name>Brazuca Football</pro_name>
    <pro_price>499</pro_price>
    <quantity>14</quantity>
    <date>2017-11-05</date>
    <address>Mulund</address>
    <total_price>6986</total_price>
  </item>
  <item>
    <pro_name>Chelsea Football</pro_name>
    <pro_price>930</pro_price>
    <quantity>3</quantity>
    <date>2017-11-05</date>
    <address>Mulund</address>
    <total_price>2790</total_price>
  </item>
  <item>
    <pro_name>Brazuca Football</pro_name>
    <pro_price>499</pro_price>
    <quantity>1</quantity>
    <date>2017-11-05</date>
    <address>Mulund</address>
    <total_price>499</total_price>
  </item>
  <item>
    <pro_name>Brazuca Football</pro_name>
    <pro_price>499</pro_price>
    <quantity>2</quantity>
    <date>2017-11-06</date>
    <address>Mulund</address>
    <total_price>998</total_price>
  </item>
  <item>
    <pro_name>Chelsea Football</pro_name>
    <pro_price>930</pro_price>
    <quantity>3</quantity>
    <date>2017-11-06</date>
    <address>Mulund</address>
    <total_price>2790</total_price>
  </item>
  <total>117,039.00</total>
</order>
